<?xml version="1.0" encoding="utf-8" ?><dwsync><file name="Thumbs.db" server="ftp.sixshootermedia.com//public_html/" local="3245702400" remote="3245702400" /><file name="a_hover.gif" server="ftp.sixshootermedia.com//public_html/" local="3245702400" remote="3245702400" /><file name="avatar.gif" server="ftp.sixshootermedia.com//public_html/" local="3245702400" remote="3245702400" /><file name="body_bg.gif" server="ftp.sixshootermedia.com//public_html/" local="3245702400" remote="3245702400" /><file name="container.jpg" server="ftp.sixshootermedia.com//public_html/" local="3245702400" remote="3245702400" /><file name="content.jpg" server="ftp.sixshootermedia.com//public_html/" local="3245702400" remote="3245702400" /><file name="content_sub.jpg" server="ftp.sixshootermedia.com//public_html/" local="3245702400" remote="3245702400" /><file name="header.jpg" server="ftp.sixshootermedia.com//public_html/" local="3245702400" remote="3245702400" /><file name="sidebartop.jpg" server="ftp.sixshootermedia.com//public_html/" local="3245702400" remote="3245702400" /><file name="sidenava.gif" server="ftp.sixshootermedia.com//public_html/" local="3245702400" remote="3245702400" /><file name="user.gif" server="ftp.sixshootermedia.com//public_html/" local="3245702400" remote="3245702400" /><file name="user.jpg" server="ftp.sixshootermedia.com//public_html/" local="3245702400" remote="3245702400" /></dwsync>